GUAUCUGUCGCGGAGCCGAGGUGCGGCAUUGCAGGAACCGCGUCUAAUAC,((((....(((((..((....((((....))))))..)))))....)))),1.0,1.0,no improvement found with pausing,50,,0=0,0
GUAUCUGUCGCGGAGCCGAGGUGCGGCAUUGCAGGAACCGCGUCUAAUAC,((((....(((((..((....((((....))))))..)))))....)))),1.0,1.0,no improvement found with pausing,50,,0=0,0
GUAUCUGUCGCGGAGCCGAGGUGCGGCAUUGCAGGAACCGCGUCUAAUAC,((((....(((((..((..((((...))))...))..)))))....)))),0,0,no improvement found with pausing,8,((((....(((((..((....((((....))))))..)))))....)))),14=5,1.0
GUACUAGGAGUGCGAGUUGAAGAGCACCCGUAAUACCACGGCUAUAUAGU,(((.((((.((((..........)))))).)).)))..............,0.5166,1.0, 29=5,NA,NA,NA,NA
GUACUAGGAGUGCGAGUUGAAGAGCACCCGUAAUACCACGGCUAUAUAGU,(((...((.((((..........))))))....)))..............,0,0,no improvement found with pausing,2,(((.((((.((((..........)))))).)).)))..............,13=5,0.5166
AUCCCUAUAGGUGGCUUGUCGGGUCCUACCGUGUAAAUCAUAGGGGAACU,..((((((.(((.......(((......))).....))))))))).....,0.999,0.999,no improvement found with pausing,50,,0=0,0
AUCCCUAUAGGUGGCUUGUCGGGUCCUACCGUGUAAAUCAUAGGGGAACU,..((((((.(((.((....(((......))).))..))))))))).....,0,0,no improvement found with pausing,2,..((((((.(((.......(((......))).....))))))))).....,22=5,0.999
UGUGCUCCCAUGAAGGGUAUUCAGCAUAACAACAAGUUCUUCGACAGAUU,(((((((((.....))).....))))))......................,1.0,1.0,no improvement found with pausing,50,,0=0,0
UGUGCUCCCAUGAAGGGUAUUCAGCAUAACAACAAGUUCUUCGACAGAUU,(((((((((.....))).....)))))).......(((....))).....,0,0,no improvement found with pausing,3,(((((((((.....))).....))))))......................,20=5,1.0
CUCUGCCAUUAAACUGUUAGCUUUAGGCACGCACUCACAUACAUCCGGCU,...((((..((((........)))))))).....................,0.5405,0.5405,no improvement found with pausing,50,,0=0,0
CUCUGCCAUUAAACUGUUAGCUUUAGGCACGCACUCACAUACAUCCGGCU,...((((..((((((...)).)))))))).....................,0,0,no improvement found with pausing,2,...((((..((((........)))))))).....................,28=5,0.5405
CUCUGCCAUUAAACUGUUAGCUUUAGGCACGCACUCACAUACAUCCGGCU,...((((..................)))).....................,0.4595,0.4595,no improvement found with pausing,4,...((((..((((........)))))))).....................,28=5,0.5405
AGACGCGAACUCAGUAGGGAAAUCCUGAUUAGCAUGCCAGACGCCCGACAUUGACCAUGA,..........(((((.(((.....(((..........)))...)))...)))))......,0.9355,0.9355,no improvement found with pausing,60,,0=0,0
AGACGCGAACUCAGUAGGGAAAUCCUGAUUAGCAUGCCAGACGCCCGACAUUGACCAUGA,.....((...(((((.(((.....(((..........)))...)))...)))))...)).,0,0,no improvement found with pausing,2,..........(((((.(((.....(((..........)))...)))...)))))......,26=5,0.9355
CCAAUGUAUGGCCAUUUCCCUCAACGAACACUCUCAAGCCGGAGGAUUUUCACCCGACGU,...((((.(((.......((((..((.............))))))........))))))),0.5948,0.6224, 44=5,NA,NA,NA,NA
CCAAUGUAUGGCCAUUUCCCUCAACGAACACUCUCAAGCCGGAGGAUUUUCACCCGACGU,...((((..((.......((((..((.............)))))).......))..)))),0,0,no improvement found with pausing,5,...((((.(((.......((((..((.............))))))........))))))),40=5,0.5948
UAUAGAGGCUCCAGAAAGUGCCUUAGUUAUAUACACACACCGGAAGGAUCUGACAUUAAC,....(((((..........)))))................((((....))))........,0.8351,0.8351,no improvement found with pausing,60,,0=0,0
UAUAGAGGCUCCAGAAAGUGCCUUAGUUAUAUACACACACCGGAAGGAUCUGACAUUAAC,(((((((((..........)))))...)))).........((((....))))........,0,0,no improvement found with pausing,4,....(((((..........)))))................((((....))))........,22=5,0.8351
AGGGGCAAUGGUAGAGAAUGAAGGUGUUUGAAAGCGGGUUCCUAUUUAACGAACAAUACC,((((((..((.....((((......)))).....)).)))))).................,1.0,1.0,no improvement found with pausing,60,,0=0,0
AGGGGCAAUGGUAGAGAAUGAAGGUGUUUGAAAGCGGGUUCCUAUUUAACGAACAAUACC,((((((....((...((((......))))....))..)))))).................,0,0,no improvement found with pausing,4,((((((..((.....((((......)))).....)).)))))).................,29=5,1.0
GCGAUUUAAUAUACUUCACCGGUGGACACUUUAGAUGGACCCUCCCCACCUUCCCAGAGAAAGCCAACAA,....................(((((...........(((...))))))))....................,0.6924,0.6924,no improvement found with pausing,70,,0=0,0
GCGAUUUAAUAUACUUCACCGGUGGACACUUUAGAUGGACCCUCCCCACCUUCCCAGAGAAAGCCAACAA,....................(((((....................)))))....................,0.3076,0.3076,no improvement found with pausing,3,....................(((((...........(((...))))))))....................,36=5,0.6924
AGCGUUGGGGGAUGCAAGACGGGGUGGUAGAAGCGGAUGUAAUGGAGACCUGCCCAGUCGCGGAAUCAAA,.(((((....)))))..(((.(((((((.....((.......))...))).)))).)))...........,0.8563,0.9306, 44=5,NA,NA,NA,NA
AGCGUUGGGGGAUGCAAGACGGGGUGGUAGAAGCGGAUGUAAUGGAGACCUGCCCAGUCGCGGAAUCAAA,.(((((....)))))..(((.(((((((....((....)).......))).)))).)))...........,0,0,no improvement found with pausing,4,.(((((....)))))..(((.(((((((.....((.......))...))).)))).)))...........,14=5,0.8563
AAUUCAGCCGACGGCGAGUCGGCGUCAGCUCGCAAUACUCUUGCUUAGCAAAGACAACAAGCCGCAUUUA,......((((((.....))))))(((.(((.((((.....))))..)))...)))...............,0.9998,1.0, 22=5,NA,NA,NA,NA
AAUUCAGCCGACGGCGAGUCGGCGUCAGCUCGCAAUACUCUUGCUUAGCAAAGACAACAAGCCGCAUUUA,......((((((.....))))))....(((.((((.....))))..))).....................,0,0,no improvement found with pausing,3,......((((((.....))))))(((.(((.((((.....))))..)))...)))...............,15=5,0.9998
GUGAUCGAAAUUACCAAUUAAUGUAGCAAUAGGAUCGACUGCGCAUAGGAACGAGAUGAUUCCAGUAUCC,(((((....)))))......((((.(((...........))))))).(((((..((....))..)).))),0.3833,0.3833,no improvement found with pausing,70,,0=0,0
GUGAUCGAAAUUACCAAUUAAUGUAGCAAUAGGAUCGACUGCGCAUAGGAACGAGAUGAUUCCAGUAUCC,(((((....)))))......((((.(((...........))))))).((((........)))).......,0.2356,0.2356,no improvement found with pausing,11,(((((....)))))......((((.(((...........))))))).(((((..((....))..)).))),14=5,0.3833
CGCAGGGUAACGUUGACGUUGUUCCACCCCCGGUCUCGACGGAUGCCAACAUCCUCUCAGCCGUCGAAGG,....((((((((....)))).....)))).((((...((.(((((....)))))))...)))).......,1.0,1.0,no improvement found with pausing,70,,0=0,0
CGCAGGGUAACGUUGACGUUGUUCCACCCCCGGUCUCGACGGAUGCCAACAUCCUCUCAGCCGUCGAAGG,....((((((((.......))))..)))).((((...((.(((((....)))))))...)))).......,0,0,no improvement found with pausing,8,....((((((((....)))).....)))).((((...((.(((((....)))))))...)))).......,18=5,1.0
